id,name,species,colony,weight_kg,status
1,Frosty,Emperor,North Ridge,35.7,missing
2,Icicle,King,Snow Bay,32.0,injured
3,Tofu,Rockhopper,Snow Bay,30.8,missing
4,Kowalski,Chinstrap,North Ridge,25.7,healthy
5,Mumble,Gentoo,Snow Bay,3.4,healthy
6,Tux,Rockhopper,Ice Shelf,17.7,healthy
7,Bubbles,Gentoo,Snow Bay,40.0,injured
8,Flipper,Rockhopper,Rocky Cove,6.3,injured
9,Private,Gentoo,Snow Bay,8.2,missing
10,Pingu,Gentoo,Rocky Cove,16.5,healthy
11,Snowball,Emperor,Snow Bay,35.1,healthy
12,Bubbles,King,Snow Bay,17.7,injured
13,Nimbus,Gentoo,Snow Bay,22.0,healthy
14,Kowalski,King,Ice Shelf,33.3,injured
15,Mumble,Rockhopper,Snow Bay,20.4,healthy
16,Mumble,Adelie,Snow Bay,27.9,injured
17,Icicle,Gentoo,Snow Bay,27.8,healthy
18,Bubbles,King,Snow Bay,32.8,healthy
19,Skipper,Chinstrap,Rocky Cove,33.8,healthy
20,Puddle,emperor,Snow Bay,32.7,healthy
21,Skipper,Gentoo,Rocky Cove,28.6,healthy
22,Tofu,King,Snow Bay,32.9,injured
23,Waddles,Rockhopper,Rocky Cove,14.7,healthy
24,Pepper,Chinstrap,Rocky Cove,19.8,healthy
25,Mochi,Chinstrap,Snow Bay,37.8,healthy
26,Chilly,Chinstrap,North Ridge,10.2,healthy
27,Blizzard,Adelie,North Ridge,6.4,healthy
28,Icicle,King,North Ridge,25.6,healthy
29,Mumble,Adelie,North Ridge,30.8,healthy
30,Tofu,Rockhopper,Rocky Cove,8.7,healthy
31,Snowball,Rockhopper,Snow Bay,28.5,healthy
32,Kowalski,King,Snow Bay,24.8,missing
33,Frosty,Rockhopper,Rocky Cove,6.1,healthy
34,Bubbles,Adelie,Rocky Cove,21.8,healthy
35,Frosty,Adelie,Ice Shelf,16.9,healthy
36,Flipper,Chinstrap,North Ridge,33.9,healthy
37,Sleet,emperor,Rocky Cove,28.3,healthy
38,Mumble,Gentoo,Snow Bay,38.1,missing
39,Bubbles,King,Ice Shelf,8.7,injured
40,Nimbus,Adelie,Rocky Cove,20.0,healthy
41,Pepper,Rockhopper,North Ridge,23.3,healthy
42,Marble,Adelie,Ice Shelf,4.7,injured
43,Tofu,Emperor,Ice Shelf,20.9,healthy
44,Marble,Adelie,Ice Shelf,32.1,injured
45,Ramon,Adelie,Ice Shelf,17.4,healthy
46,Nimbus,King,North Ridge,17.2,healthy
47,Ramon,Gentoo,Rocky Cove,20.2,healthy
48,Blizzard,Gentoo,Ice Shelf,15.1,healthy
49,Mumble,Chinstrap,Rocky Cove,33.2,healthy
50,Pingu,Adelie,North Ridge,35.5,healthy
51,Icicle,Chinstrap,Ice Shelf,38.6,healthy
52,Chilly,Adelie,Ice Shelf,7.1,healthy
53,Tofu,King,Ice Shelf,24.1,missing
54,Biscuit,Gentoo,Ice Shelf,6.8,healthy
55,Ramon,Emperor,North Ridge,28.3,healthy
56,Bubbles,Rockhopper,Ice Shelf,26.9,healthy
57,Tux,King,Rocky Cove,24.8,healthy
58,Tux,Gentoo,Ice Shelf,12.7,healthy
59,Tofu,Emperor,Rocky Cove,18.3,healthy
60,Pingu,emperor,Rocky Cove,7.6,injured
61,Chilly,King,Rocky Cove,31.9,missing
62,Marble,Rockhopper,North Ridge,37.2,healthy
63,Skipper,King,Snow Bay,18.8,healthy
64,Chilly,Rockhopper,Rocky Cove,17.4,healthy
65,Nimbus,Emperor,North Ridge,13.4,healthy
66,Mochi,Gentoo,North Ridge,14.0,healthy
67,Snowball,Gentoo,North Ridge,23.1,healthy
68,Icicle,Adelie,North Ridge,29.7,healthy
69,Puddle,Adelie,North Ridge,7.4,healthy
70,Chilly,King,Rocky Cove,4.1,missing
71,Chilly,Adelie,Snow Bay,17.2,healthy
72,Biscuit,Chinstrap,Ice Shelf,31.7,healthy
73,Pingu,King,Snow Bay,35.9,healthy
74,Pingu,Adelie,North Ridge,13.2,healthy
75,Rico,Chinstrap,Rocky Cove,8.1,missing
76,Icicle,Emperor,North Ridge,27.1,injured
77,Tux,Gentoo,Rocky Cove,5.1,healthy
78,Kowalski,Rockhopper,Snow Bay,5.2,healthy
79,Frosty,Rockhopper,Ice Shelf,37.3,healthy
80,Chilly,Rockhopper,Ice Shelf,23.8,healthy
81,Skipper,Gentoo,Rocky Cove,16.3,healthy
82,Bubbles,King,Snow Bay,36.2,missing
83,Skipper,Gentoo,Ice Shelf,26.2,healthy
84,Pingu,Chinstrap,Rocky Cove,33.1,injured
85,Nimbus,Rockhopper,North Ridge,26.6,healthy
86,Chilly,Gentoo,Rocky Cove,8.1,healthy
87,Pepper,Emperor,Rocky Cove,24.2,healthy
88,Icicle,Chinstrap,Ice Shelf,38.7,healthy
89,Pebble,emperor,Rocky Cove,23.3,healthy
90,Biscuit,Emperor,Ice Shelf,9.0,healthy
91,Icicle,Gentoo,Rocky Cove,16.2,healthy
92,Mochi,Adelie,North Ridge,34.4,healthy
93,Chilly,Chinstrap,Ice Shelf,29.7,healthy
94,Tux,Adelie,Ice Shelf,9.1,healthy
95,Biscuit,King,North Ridge,34.2,healthy
96,Private,Gentoo,Ice Shelf,22.7,missing
97,Kowalski,King,Ice Shelf,6.9,healthy
98,Mumble,Chinstrap,North Ridge,17.1,missing
99,Marble,Gentoo,North Ridge,15.9,healthy
100,Kowalski,Emperor,Rocky Cove,28.3,healthy
101,Chilly,King,North Ridge,5.6,healthy
102,Tofu,Chinstrap,Rocky Cove,12.8,healthy
103,Tux,Adelie,Snow Bay,21.7,healthy
104,Mochi,Gentoo,Snow Bay,17.9,healthy
105,Bubbles,Adelie,Snow Bay,11.1,healthy
106,Nimbus,Gentoo,Snow Bay,10.9,healthy
107,Snowball,Rockhopper,Ice Shelf,19.0,healthy
108,Blizzard,Emperor,Rocky Cove,8.4,healthy
109,Tux,Adelie,Ice Shelf,23.8,healthy
110,Private,Gentoo,Snow Bay,26.4,healthy
111,Tux,Emperor,Snow Bay,15.5,healthy
112,Marble,Rockhopper,Ice Shelf,18.7,healthy
113,Mochi,Emperor,Ice Shelf,3.4,injured
114,Rico,Rockhopper,Ice Shelf,15.4,missing
115,Tofu,Chinstrap,Snow Bay,34.5,healthy
116,Pingu,Gentoo,North Ridge,31.0,healthy
117,Rico,Rockhopper,Rocky Cove,3.7,healthy
118,Frosty,Chinstrap,Rocky Cove,26.0,healthy
119,Skipper,Emperor,North Ridge,39.4,healthy
120,Kowalski,Gentoo,Snow Bay,10.6,healthy
121,Private,Rockhopper,North Ridge,24.0,injured
122,Snowball,Rockhopper,Ice Shelf,7.0,healthy
123,Waddles,Chinstrap,Ice Shelf,23.4,injured
124,Sleet,Adelie,Rocky Cove,15.7,healthy
125,Sleet,King,Rocky Cove,21.1,healthy
126,Waddles,Gentoo,Snow Bay,7.9,healthy
127,Rico,Gentoo,Snow Bay,10.4,healthy
128,Mochi,King,Snow Bay,14.3,missing
129,Flipper,Emperor,Rocky Cove,39.3,missing
130,Frosty,Emperor,Rocky Cove,21.1,healthy
131,Ramon,Gentoo,North Ridge,39.6,healthy
132,Frosty,Gentoo,Snow Bay,26.3,missing
133,Pingu,Adelie,Snow Bay,11.9,healthy
134,Frosty,King,Ice Shelf,22.0,healthy
135,Sleet,Rockhopper,Ice Shelf,23.7,healthy
136,Marble,Gentoo,Snow Bay,22.7,injured
137,Gloria,Adelie,Ice Shelf,30.0,healthy
138,Snowball,Rockhopper,North Ridge,32.7,healthy
139,Bubbles,Gentoo,Rocky Cove,37.8,healthy
140,Rico,Adelie,Rocky Cove,7.7,healthy
141,Pepper,Adelie,North Ridge,30.8,healthy
142,Marble,Chinstrap,Snow Bay,36.8,healthy
143,Kowalski,Gentoo,Rocky Cove,35.9,healthy
144,Biscuit,Chinstrap,Snow Bay,8.7,healthy
145,Pepper,Adelie,North Ridge,20.4,healthy
146,Pepper,Emperor,Rocky Cove,15.2,healthy
147,Frosty,Adelie,Ice Shelf,35.2,healthy
148,Biscuit,Chinstrap,Snow Bay,10.4,healthy
149,Kowalski,Adelie,Snow Bay,10.9,healthy
150,Nimbus,King,Snow Bay,20.0,healthy
151,Skipper,Rockhopper,Rocky Cove,26.3,healthy
152,Puddle,King,Snow Bay,6.4,healthy
153,Skipper,Rockhopper,North Ridge,31.0,healthy
154,Biscuit,Rockhopper,Ice Shelf,7.3,healthy
155,Nimbus,Rockhopper,Ice Shelf,36.3,healthy
156,Gloria,Emperor,Rocky Cove,13.6,healthy
157,Pingu,Chinstrap,Snow Bay,22.3,healthy
158,Sleet,Gentoo,Ice Shelf,7.0,healthy
159,Kowalski,King,Rocky Cove,19.9,missing
160,Snowball,Rockhopper,North Ridge,37.4,injured
161,Tofu,Gentoo,Rocky Cove,38.8,healthy
162,Blizzard,Chinstrap,Rocky Cove,23.2,injured
163,Mumble,King,Rocky Cove,14.0,healthy
164,Waddles,King,North Ridge,22.5,healthy
165,Mumble,King,Snow Bay,32.6,missing
166,Puddle,Chinstrap,Snow Bay,23.0,healthy
167,Gloria,Gentoo,North Ridge,6.9,healthy
168,Icicle,Adelie,Rocky Cove,3.7,healthy
169,Flipper,Rockhopper,North Ridge,30.1,healthy
170,Gloria,Rockhopper,Rocky Cove,38.5,healthy
171,Pepper,Gentoo,Snow Bay,28.5,healthy
172,Frosty,Adelie,Rocky Cove,18.5,healthy
173,Puddle,Adelie,Ice Shelf,19.2,healthy
174,Sleet,King,Snow Bay,20.9,healthy
175,Skipper,Chinstrap,Snow Bay,30.0,injured
176,Bubbles,Chinstrap,Ice Shelf,13.9,injured
177,Rico,Gentoo,Snow Bay,35.0,missing
178,Frosty,Emperor,Ice Shelf,38.3,healthy
179,Chilly,King,Ice Shelf,24.7,injured
180,Blizzard,Adelie,Snow Bay,32.9,healthy
181,Pebble,Chinstrap,North Ridge,12.0,healthy
182,Tofu,Gentoo,Ice Shelf,22.4,healthy
183,Waddles,Emperor,Ice Shelf,29.1,injured
184,Icicle,Emperor,North Ridge,16.2,healthy
185,Marble,King,North Ridge,38.4,healthy
186,Marble,Rockhopper,Snow Bay,4.7,healthy
187,Marble,Adelie,North Ridge,13.3,healthy
188,Puddle,Gentoo,North Ridge,20.4,healthy
189,Mochi,Emperor,Ice Shelf,23.3,injured
190,Icicle,King,Ice Shelf,21.3,healthy
191,Chilly,King,Ice Shelf,22.9,healthy
192,Pingu,Emperor,Snow Bay,17.3,healthy
193,Biscuit,Chinstrap,Ice Shelf,9.3,healthy
194,Skipper,King,Rocky Cove,17.8,healthy
195,Flipper,Chinstrap,North Ridge,15.7,healthy
196,Frosty,King,Ice Shelf,33.4,healthy
197,Gloria,Rockhopper,Rocky Cove,9.5,injured
198,Pebble,emperor,North Ridge,38.7,healthy
199,Nimbus,Rockhopper,Rocky Cove,22.0,healthy
200,Snowball,Emperor,North Ridge,27.1,healthy
201,Kowalski,Emperor,Rocky Cove,25.0,missing
202,Snowball,Rockhopper,Ice Shelf,14.4,injured
203,Tux,Emperor,Ice Shelf,29.4,missing
204,Sleet,Emperor,Ice Shelf,25.5,injured
205,Sleet,Rockhopper,North Ridge,5.5,healthy
206,Frosty,King,Rocky Cove,8.5,healthy
207,Private,Emperor,Ice Shelf,17.1,healthy
208,Snowball,Chinstrap,North Ridge,6.6,healthy
209,Bubbles,Chinstrap,North Ridge,34.3,healthy
210,Tofu,Chinstrap,Snow Bay,29.9,healthy
211,Blizzard,Gentoo,Snow Bay,20.4,healthy
212,Mumble,Adelie,North Ridge,10.6,healthy
213,Tofu,Rockhopper,Snow Bay,11.3,healthy
214,Bubbles,Adelie,North Ridge,11.5,healthy
215,Tux,King,Snow Bay,10.7,injured
216,Icicle,Gentoo,Snow Bay,28.7,healthy
217,Kowalski,Chinstrap,Ice Shelf,21.8,healthy
218,Puddle,Rockhopper,Ice Shelf,14.1,healthy
219,Snowball,Rockhopper,Ice Shelf,19.5,healthy
220,Sleet,Rockhopper,North Ridge,25.6,healthy
221,Frosty,King,Rocky Cove,23.8,healthy
222,Pepper,Adelie,Rocky Cove,32.6,missing
223,Chilly,King,Rocky Cove,30.8,injured
224,Pingu,Adelie,Snow Bay,22.5,healthy
225,Chilly,King,Ice Shelf,23.7,healthy
226,Mochi,Gentoo,North Ridge,7.0,healthy
227,Sleet,Adelie,Snow Bay,20.5,healthy
228,Frosty,Chinstrap,Ice Shelf,16.8,injured
229,Mumble,Emperor,Ice Shelf,17.7,healthy
230,Chilly,King,North Ridge,18.4,healthy
231,Pingu,Gentoo,North Ridge,35.9,healthy
232,Gloria,Rockhopper,Snow Bay,26.2,healthy
233,Mumble,Rockhopper,Ice Shelf,35.3,injured
234,Tux,Chinstrap,Ice Shelf,7.6,healthy
235,Gloria,Adelie,Snow Bay,20.3,healthy
236,Bubbles,King,Snow Bay,30.9,healthy
237,Blizzard,emperor,Snow Bay,35.4,healthy
238,Sleet,Chinstrap,North Ridge,19.6,healthy
239,Mumble,Rockhopper,North Ridge,18.1,healthy
240,Flipper,Rockhopper,Rocky Cove,29.4,injured
241,Nimbus,Adelie,North Ridge,16.0,healthy
242,Puddle,Emperor,Rocky Cove,12.6,healthy
243,Chilly,Emperor,North Ridge,18.2,healthy
244,Tofu,King,Rocky Cove,14.8,missing
245,Private,King,Ice Shelf,30.4,missing
246,Ramon,King,Snow Bay,12.4,injured
247,Rico,King,Snow Bay,13.7,healthy
248,Pepper,Adelie,Snow Bay,9.0,injured
249,Rico,Gentoo,Rocky Cove,7.1,missing
250,Pingu,Adelie,Ice Shelf,25.2,healthy
251,Tux,Rockhopper,North Ridge,27.5,healthy
252,Nimbus,Rockhopper,Snow Bay,25.5,healthy
253,Nimbus,Gentoo,Snow Bay,24.6,missing
254,Chilly,Chinstrap,North Ridge,31.1,healthy
255,Chilly,Rockhopper,Rocky Cove,31.9,healthy
256,Nimbus,Gentoo,Snow Bay,4.6,healthy
257,Private,Rockhopper,North Ridge,7.3,healthy
258,Rico,Chinstrap,Snow Bay,14.1,healthy
259,Waddles,Emperor,North Ridge,11.5,healthy
260,Chilly,Rockhopper,Snow Bay,6.8,missing
261,Frosty,King,North Ridge,13.7,healthy
262,Kowalski,Chinstrap,North Ridge,28.7,healthy
263,Flipper,Emperor,Snow Bay,4.4,healthy
264,Mochi,King,North Ridge,31.0,healthy
265,Chilly,Chinstrap,Snow Bay,10.0,healthy
266,Private,Chinstrap,Ice Shelf,12.9,injured
267,Puddle,Adelie,Snow Bay,29.5,healthy
268,Snowball,Chinstrap,Snow Bay,33.4,healthy
269,Marble,Rockhopper,Ice Shelf,32.0,healthy
270,Nimbus,Emperor,Ice Shelf,13.0,healthy
271,Puddle,King,Ice Shelf,10.6,healthy
272,Private,Rockhopper,North Ridge,35.8,healthy
273,Pebble,Chinstrap,North Ridge,16.3,healthy
274,Biscuit,Emperor,North Ridge,13.2,healthy
275,Tux,Adelie,Rocky Cove,6.4,injured
276,Mumble,King,North Ridge,28.5,healthy
277,Chilly,King,Ice Shelf,9.3,healthy
278,Rico,King,North Ridge,17.4,missing
279,Sleet,Rockhopper,Rocky Cove,10.1,healthy
280,Sleet,Gentoo,North Ridge,36.7,missing
281,Puddle,Adelie,Rocky Cove,32.5,injured
282,Chilly,Emperor,Ice Shelf,29.6,healthy
283,Waddles,Rockhopper,Rocky Cove,8.6,healthy
284,Bubbles,Chinstrap,North Ridge,10.7,healthy
285,Biscuit,Gentoo,Snow Bay,5.7,healthy
286,Private,Gentoo,Ice Shelf,38.9,healthy
287,Nimbus,Emperor,North Ridge,35.4,healthy
288,Pingu,King,North Ridge,39.4,healthy
289,Tux,Emperor,North Ridge,12.4,injured
290,Biscuit,Chinstrap,Rocky Cove,23.0,missing
291,Waddles,Adelie,Rocky Cove,34.2,missing
292,Sleet,Rockhopper,Snow Bay,28.5,healthy
293,Marble,Rockhopper,Rocky Cove,35.3,healthy
294,Rico,King,Rocky Cove,32.5,injured
295,Tofu,Emperor,North Ridge,19.0,healthy
296,Puddle,Rockhopper,North Ridge,20.5,healthy
297,Mumble,Chinstrap,Rocky Cove,38.4,healthy
298,Kowalski,Emperor,Ice Shelf,13.3,healthy
299,Tux,Emperor,Ice Shelf,38.2,healthy
300,Linus,King,North Ridge,15.0,newest arrival - welcome Linus!
